,Precisión Global,Error Global,Precisión Positiva (PP),Precisión Negativa (PN),Proporción de Falsos Positivos (PFP),Proporción de Falsos Negativos (PFN),Asertividad Positiva (AP),Asertividad Negativa (AN)
Bosque Aleatorio,0.8555984555984556,0.1444015444015444,0.42366412213740456,0.9651500484027106,0.03484995159728945,0.5763358778625954,0.7551020408163265,0.8684668989547039
Bosque Aleatorio 6 Var,0.8555984555984556,0.1444015444015444,0.42366412213740456,0.9651500484027106,0.03484995159728945,0.5763358778625954,0.7551020408163265,0.8684668989547039
ADA Boost,0.8115830115830116,0.18841698841698842,0.5267175572519084,0.8838334946757018,0.11616650532429816,0.4732824427480916,0.5348837209302325,0.8804243008678881
XG Boost,0.8648648648648649,0.13513513513513514,0.45038167938931295,0.9699903194578896,0.030009680542110357,0.549618320610687,0.7919463087248322,0.8743455497382199
